{"cameraMode":{"drawMode":0,"name":"Shaded","section":"Shading Mode"},"sceneLighting":true,"audioPlay":false,"sceneViewState":{"showFog":false,"showMaterialUpdate":false,"showSkybox":false,"showFlares":false,"showImageEffects":false,"showParticleSystems":false},"in2DMode":false,"pivot":{"x":-12.42516040802002,"y":-3.7251148223876955,"z":12.899452209472657},"rotation":{"x":-0.10514270514249802,"y":-0.892378568649292,"z":0.2731156051158905,"w":-0.34354785084724429},"size":2.488359212875366,"orthographic":false}