{"cameraMode":{"drawMode":0,"name":"Shaded","section":"Shading Mode"},"sceneLighting":false,"audioPlay":false,"sceneViewState":{"showFog":false,"showMaterialUpdate":false,"showSkybox":false,"showFlares":false,"showImageEffects":false,"showParticleSystems":false},"in2DMode":false,"pivot":{"x":-0.34136962890625,"y":1.09368896484375,"z":-0.029052734375},"rotation":{"x":-0.002658889163285494,"y":-0.9957558512687683,"z":0.08685028553009033,"w":-0.03048098459839821},"size":1.459475040435791,"orthographic":true}