{"cameraMode":{"drawMode":0,"name":"Shaded","section":"Shading Mode"},"sceneLighting":false,"audioPlay":false,"sceneViewState":{"showFog":false,"showMaterialUpdate":false,"showSkybox":false,"showFlares":false,"showImageEffects":true,"showParticleSystems":false},"in2DMode":false,"pivot":{"x":-0.037418365478515628,"y":0.3231201171875,"z":-0.14697265625},"rotation":{"x":0.2512528598308563,"y":0.6127722859382629,"z":-0.2143854945898056,"w":0.7179785966873169},"size":3.5441932678222658,"orthographic":true}