{"cameraMode":{"drawMode":0,"name":"Shaded","section":"Shading Mode"},"sceneLighting":false,"audioPlay":false,"sceneViewState":{"showFog":false,"showMaterialUpdate":false,"showSkybox":false,"showFlares":false,"showImageEffects":true,"showParticleSystems":false},"in2DMode":false,"pivot":{"x":0.5351733565330505,"y":1.3815256357192994,"z":0.32921409606933596},"rotation":{"x":0.007480205502361059,"y":-0.9821668863296509,"z":0.18361002206802369,"w":0.04008769989013672},"size":1.4927246570587159,"orthographic":false}