{"cameraMode":{"drawMode":0,"name":"Shaded","section":"Shading Mode"},"sceneLighting":false,"audioPlay":false,"sceneViewState":{"showFog":false,"showMaterialUpdate":false,"showSkybox":false,"showFlares":false,"showImageEffects":true,"showParticleSystems":false},"in2DMode":false,"pivot":{"x":-0.02826404571533203,"y":158.8958282470703,"z":-0.09947186708450318},"rotation":{"x":-0.02170875482261181,"y":-0.9586597681045532,"z":0.2733948528766632,"w":-0.0760926678776741},"size":0.8475937247276306,"orthographic":false}