{"cameraMode":{"drawMode":0,"name":"Shaded","section":"Shading Mode"},"sceneLighting":false,"audioPlay":false,"sceneViewState":{"showFog":false,"showMaterialUpdate":false,"showSkybox":false,"showFlares":false,"showImageEffects":true,"showParticleSystems":false},"in2DMode":false,"pivot":{"x":-0.0018444294109940529,"y":0.0020381752401590349,"z":-0.001300865551456809},"rotation":{"x":0.06681586056947708,"y":-0.9202213883399963,"z":0.1803266853094101,"w":0.34105420112609866},"size":0.005028526298701763,"orthographic":true}