{"cameraMode":{"drawMode":0,"name":"Shaded","section":"Shading Mode"},"sceneLighting":false,"audioPlay":false,"sceneViewState":{"showFog":false,"showMaterialUpdate":false,"showSkybox":false,"showFlares":false,"showImageEffects":true,"showParticleSystems":false},"in2DMode":false,"pivot":{"x":9.186535835266114,"y":99.11019134521485,"z":-11.459046363830567},"rotation":{"x":-0.02809285558760166,"y":-0.9616498351097107,"z":0.2506781220436096,"w":-0.1077701672911644},"size":0.23751653730869294,"orthographic":true}