{"cameraMode":{"drawMode":0,"name":"Shaded","section":"Shading Mode"},"sceneLighting":false,"audioPlay":false,"sceneViewState":{"showFog":false,"showMaterialUpdate":false,"showSkybox":false,"showFlares":false,"showImageEffects":true,"showParticleSystems":false},"in2DMode":false,"pivot":{"x":9.171188354492188,"y":99.23147583007813,"z":-11.42578125},"rotation":{"x":-0.021459896117448808,"y":-0.9682826995849609,"z":0.2323419451713562,"w":-0.08943410217761994},"size":0.003288865089416504,"orthographic":true}