{"cameraMode":{"drawMode":0,"name":"Shaded","section":"Shading Mode"},"sceneLighting":true,"audioPlay":false,"sceneViewState":{"showFog":false,"showMaterialUpdate":false,"showSkybox":false,"showFlares":false,"showImageEffects":true,"showParticleSystems":false},"in2DMode":false,"pivot":{"x":-8.999994277954102,"y":2.1515307426452638,"z":-1.2753584384918213},"rotation":{"x":0.3042318820953369,"y":0.08815506845712662,"z":-0.028293589130043985,"w":0.9481177926063538},"size":2.5336101055145265,"orthographic":true}