{"cameraMode":{"drawMode":0,"name":"Shaded","section":"Shading Mode"},"sceneLighting":false,"audioPlay":false,"sceneViewState":{"showFog":false,"showMaterialUpdate":false,"showSkybox":false,"showFlares":false,"showImageEffects":true,"showParticleSystems":false},"in2DMode":false,"pivot":{"x":0.000022055814042687416,"y":0.0005763955414295197,"z":-0.002382587408646941},"rotation":{"x":0.06196065619587898,"y":0.8567636013031006,"z":-0.10590795427560806,"w":0.5010330080986023},"size":0.006001598667353392,"orthographic":true}