{"cameraMode":{"drawMode":0,"name":"Shaded","section":"Shading Mode"},"sceneLighting":false,"audioPlay":false,"sceneViewState":{"showFog":false,"showMaterialUpdate":false,"showSkybox":false,"showFlares":false,"showImageEffects":true,"showParticleSystems":false},"in2DMode":false,"pivot":{"x":-11.669981956481934,"y":-0.9263697862625122,"z":13.267560958862305},"rotation":{"x":-0.08540040999650955,"y":0.00477037625387311,"z":-0.0004231093334965408,"w":-0.9963806867599487},"size":0.3614670932292938,"orthographic":true}