{"cameraMode":{"drawMode":0,"name":"Shaded","section":"Shading Mode"},"sceneLighting":false,"audioPlay":false,"sceneViewState":{"showFog":false,"showMaterialUpdate":false,"showSkybox":false,"showFlares":false,"showImageEffects":true,"showParticleSystems":false},"in2DMode":false,"pivot":{"x":0.0167694091796875,"y":0.130889892578125,"z":-0.03387451171875},"rotation":{"x":-0.010518934577703476,"y":-0.9787892699241638,"z":0.19790080189704896,"w":-0.052024539560079578},"size":0.22836712002754212,"orthographic":true}