{"cameraMode":{"drawMode":0,"name":"Shaded","section":"Shading Mode"},"sceneLighting":false,"audioPlay":false,"sceneViewState":{"showFog":false,"showMaterialUpdate":false,"showSkybox":false,"showFlares":false,"showImageEffects":true,"showParticleSystems":false},"in2DMode":false,"pivot":{"x":0.006928920745849609,"y":158.83103942871095,"z":0.024930905550718309},"rotation":{"x":-0.008198540657758713,"y":-0.9727606177330017,"z":0.2291097640991211,"w":-0.03474845364689827},"size":5.603670597076416,"orthographic":false}