{"cameraMode":{"drawMode":0,"name":"Shaded","section":"Shading Mode"},"sceneLighting":false,"audioPlay":false,"sceneViewState":{"showFog":true,"showMaterialUpdate":false,"showSkybox":false,"showFlares":true,"showImageEffects":true,"showParticleSystems":true},"in2DMode":false,"pivot":{"x":0.12863492965698243,"y":1.0495009422302247,"z":-0.27526164054870608},"rotation":{"x":-0.0490456260740757,"y":0.9488360285758972,"z":-0.250694215297699,"w":-0.18562956154346467},"size":0.8594750761985779,"orthographic":false}