{"cameraMode":{"drawMode":0,"name":"Shaded","section":"Shading Mode"},"sceneLighting":false,"audioPlay":false,"sceneViewState":{"showFog":true,"showMaterialUpdate":false,"showSkybox":false,"showFlares":true,"showImageEffects":true,"showParticleSystems":true},"in2DMode":false,"pivot":{"x":-13.792901992797852,"y":-3.5707247257232668,"z":13.325960159301758},"rotation":{"x":0.043200112879276279,"y":0.9560440182685852,"z":-0.18466895818710328,"w":0.22365017235279084},"size":1.8981454372406006,"orthographic":false}