{"cameraMode":{"drawMode":0,"name":"Shaded","section":"Shading Mode"},"sceneLighting":false,"audioPlay":false,"sceneViewState":{"showFog":true,"showMaterialUpdate":false,"showSkybox":false,"showFlares":true,"showImageEffects":true,"showParticleSystems":true},"in2DMode":false,"pivot":{"x":-0.0012372583150863648,"y":0.03849762678146362,"z":-7.450580596923828e-9},"rotation":{"x":-0.047513071447610858,"y":0.9524739980697632,"z":-0.21530278027057649,"w":-0.2101922184228897},"size":0.4436715245246887,"orthographic":false}