{"cameraMode":{"drawMode":0,"name":"Shaded","section":"Shading Mode"},"sceneLighting":false,"audioPlay":false,"sceneViewState":{"showFog":true,"showMaterialUpdate":false,"showSkybox":false,"showFlares":true,"showImageEffects":true,"showParticleSystems":true},"in2DMode":false,"pivot":{"x":-0.05103856325149536,"y":-0.026825904846191407,"z":-0.08062899112701416},"rotation":{"x":0.27033305168151858,"y":0.21155321598052979,"z":-0.06101865693926811,"w":0.9372539520263672},"size":0.9410787224769592,"orthographic":false}