{"cameraMode":{"drawMode":0,"name":"Shaded","section":"Shading Mode"},"sceneLighting":false,"audioPlay":false,"sceneViewState":{"showFog":true,"showMaterialUpdate":false,"showSkybox":false,"showFlares":true,"showImageEffects":true,"showParticleSystems":true},"in2DMode":false,"pivot":{"x":-0.0006706714630126953,"y":0.8914859890937805,"z":-0.04236999899148941},"rotation":{"x":0.14251865446567536,"y":-0.23657427728176118,"z":0.035103701055049899,"w":0.9604676961898804},"size":1.459475040435791,"orthographic":false}